<?xml version="1.0" encoding="UTF-8"?>
<root>
  <item name="com.philliphsu.numberpadtimepicker.BackspaceLocation">
    <annotation name="android.support.annotation.IntDef">
      <val name="value" val="{com.philliphsu.numberpadtimepicker.BackspaceLocation.LOCATION_HEADER, com.philliphsu.numberpadtimepicker.BackspaceLocation.LOCATION_FOOTER}" />
    </annotation>
  </item>
  <item name="com.philliphsu.numberpadtimepicker.BottomSheetNumberPadTimePickerDialogThemer com.philliphsu.numberpadtimepicker.BottomSheetNumberPadTimePickerDialogThemer setBackspaceLocation(int) 0">
    <annotation name="android.support.annotation.IntDef">
      <val name="value" val="{com.philliphsu.numberpadtimepicker.BackspaceLocation.LOCATION_HEADER, com.philliphsu.numberpadtimepicker.BackspaceLocation.LOCATION_FOOTER}" />
    </annotation>
  </item>
  <item name="com.philliphsu.numberpadtimepicker.BottomSheetNumberPadTimePickerDialogThemer com.philliphsu.numberpadtimepicker.BottomSheetNumberPadTimePickerDialogThemer setShowFabPolicy(int) 0">
    <annotation name="android.support.annotation.IntDef">
      <val name="value" val="{com.philliphsu.numberpadtimepicker.ShowFabPolicy.SHOW_FAB_ALWAYS, com.philliphsu.numberpadtimepicker.ShowFabPolicy.SHOW_FAB_VALID_TIME}" />
    </annotation>
  </item>
  <item name="com.philliphsu.numberpadtimepicker.BottomSheetNumberPadTimePickerThemer com.philliphsu.numberpadtimepicker.BottomSheetNumberPadTimePickerThemer setBackspaceLocation(int) 0">
    <annotation name="android.support.annotation.IntDef">
      <val name="value" val="{com.philliphsu.numberpadtimepicker.BackspaceLocation.LOCATION_HEADER, com.philliphsu.numberpadtimepicker.BackspaceLocation.LOCATION_FOOTER}" />
    </annotation>
  </item>
  <item name="com.philliphsu.numberpadtimepicker.BottomSheetNumberPadTimePickerThemer com.philliphsu.numberpadtimepicker.BottomSheetNumberPadTimePickerThemer setShowFabPolicy(int) 0">
    <annotation name="android.support.annotation.IntDef">
      <val name="value" val="{com.philliphsu.numberpadtimepicker.ShowFabPolicy.SHOW_FAB_ALWAYS, com.philliphsu.numberpadtimepicker.ShowFabPolicy.SHOW_FAB_VALID_TIME}" />
    </annotation>
  </item>
  <item name="com.philliphsu.numberpadtimepicker.DigitwiseTimeParser boolean checkTimeValid(int) 0">
    <annotation name="android.support.annotation.IntDef">
      <val name="value" val="{com.philliphsu.numberpadtimepicker.AmPmState.UNSPECIFIED, com.philliphsu.numberpadtimepicker.AmPmState.AM, com.philliphsu.numberpadtimepicker.AmPmState.PM, com.philliphsu.numberpadtimepicker.AmPmState.HRS_24}" />
    </annotation>
  </item>
  <item name="com.philliphsu.numberpadtimepicker.DigitwiseTimeParser int getHour(int) 0">
    <annotation name="android.support.annotation.IntDef">
      <val name="value" val="{com.philliphsu.numberpadtimepicker.AmPmState.UNSPECIFIED, com.philliphsu.numberpadtimepicker.AmPmState.AM, com.philliphsu.numberpadtimepicker.AmPmState.PM, com.philliphsu.numberpadtimepicker.AmPmState.HRS_24}" />
    </annotation>
  </item>
  <item name="com.philliphsu.numberpadtimepicker.DigitwiseTimeParser int getMinute(int) 0">
    <annotation name="android.support.annotation.IntDef">
      <val name="value" val="{com.philliphsu.numberpadtimepicker.AmPmState.UNSPECIFIED, com.philliphsu.numberpadtimepicker.AmPmState.AM, com.philliphsu.numberpadtimepicker.AmPmState.PM, com.philliphsu.numberpadtimepicker.AmPmState.HRS_24}" />
    </annotation>
  </item>
  <item name="com.philliphsu.numberpadtimepicker.INumberPadTimePicker.State int getAmPmState()">
    <annotation name="android.support.annotation.IntDef">
      <val name="value" val="{com.philliphsu.numberpadtimepicker.AmPmState.UNSPECIFIED, com.philliphsu.numberpadtimepicker.AmPmState.AM, com.philliphsu.numberpadtimepicker.AmPmState.PM, com.philliphsu.numberpadtimepicker.AmPmState.HRS_24}" />
    </annotation>
  </item>
  <item name="com.philliphsu.numberpadtimepicker.NumberPadTimePicker int getLayout()">
    <annotation name="android.support.annotation.IntDef">
      <val name="value" val="{com.philliphsu.numberpadtimepicker.NumberPadTimePicker.LAYOUT_STANDALONE, com.philliphsu.numberpadtimepicker.NumberPadTimePicker.LAYOUT_ALERT, com.philliphsu.numberpadtimepicker.NumberPadTimePicker.LAYOUT_BOTTOM_SHEET}" />
    </annotation>
  </item>
  <item name="com.philliphsu.numberpadtimepicker.NumberPadTimePicker int retrieveLayout(android.content.res.TypedArray)">
    <annotation name="android.support.annotation.IntDef">
      <val name="value" val="{com.philliphsu.numberpadtimepicker.NumberPadTimePicker.LAYOUT_STANDALONE, com.philliphsu.numberpadtimepicker.NumberPadTimePicker.LAYOUT_ALERT, com.philliphsu.numberpadtimepicker.NumberPadTimePicker.LAYOUT_BOTTOM_SHEET}" />
    </annotation>
  </item>
  <item name="com.philliphsu.numberpadtimepicker.NumberPadTimePicker mLayout">
    <annotation name="android.support.annotation.IntDef">
      <val name="value" val="{com.philliphsu.numberpadtimepicker.NumberPadTimePicker.LAYOUT_STANDALONE, com.philliphsu.numberpadtimepicker.NumberPadTimePicker.LAYOUT_ALERT, com.philliphsu.numberpadtimepicker.NumberPadTimePicker.LAYOUT_BOTTOM_SHEET}" />
    </annotation>
  </item>
  <item name="com.philliphsu.numberpadtimepicker.NumberPadTimePicker.NumberPadTimePickerLayout">
    <annotation name="android.support.annotation.IntDef">
      <val name="value" val="{com.philliphsu.numberpadtimepicker.NumberPadTimePicker.LAYOUT_STANDALONE, com.philliphsu.numberpadtimepicker.NumberPadTimePicker.LAYOUT_ALERT, com.philliphsu.numberpadtimepicker.NumberPadTimePicker.LAYOUT_BOTTOM_SHEET}" />
    </annotation>
  </item>
  <item name="com.philliphsu.numberpadtimepicker.NumberPadTimePickerBottomSheetComponent com.philliphsu.numberpadtimepicker.BottomSheetNumberPadTimePickerThemer setBackspaceLocation(int) 0">
    <annotation name="android.support.annotation.IntDef">
      <val name="value" val="{com.philliphsu.numberpadtimepicker.BackspaceLocation.LOCATION_HEADER, com.philliphsu.numberpadtimepicker.BackspaceLocation.LOCATION_FOOTER}" />
    </annotation>
  </item>
  <item name="com.philliphsu.numberpadtimepicker.NumberPadTimePickerBottomSheetComponent com.philliphsu.numberpadtimepicker.BottomSheetNumberPadTimePickerThemer setShowFabPolicy(int) 0">
    <annotation name="android.support.annotation.IntDef">
      <val name="value" val="{com.philliphsu.numberpadtimepicker.ShowFabPolicy.SHOW_FAB_ALWAYS, com.philliphsu.numberpadtimepicker.ShowFabPolicy.SHOW_FAB_VALID_TIME}" />
    </annotation>
  </item>
  <item name="com.philliphsu.numberpadtimepicker.NumberPadTimePickerBottomSheetComponent int getShowFabPolicy()">
    <annotation name="android.support.annotation.IntDef">
      <val name="value" val="{com.philliphsu.numberpadtimepicker.ShowFabPolicy.SHOW_FAB_ALWAYS, com.philliphsu.numberpadtimepicker.ShowFabPolicy.SHOW_FAB_VALID_TIME}" />
    </annotation>
  </item>
  <item name="com.philliphsu.numberpadtimepicker.NumberPadTimePickerBottomSheetComponent int retrieveBackspaceLocation(android.content.res.TypedArray)">
    <annotation name="android.support.annotation.IntDef">
      <val name="value" val="{com.philliphsu.numberpadtimepicker.BackspaceLocation.LOCATION_HEADER, com.philliphsu.numberpadtimepicker.BackspaceLocation.LOCATION_FOOTER}" />
    </annotation>
  </item>
  <item name="com.philliphsu.numberpadtimepicker.NumberPadTimePickerBottomSheetComponent int retrieveShowFab(android.content.res.TypedArray)">
    <annotation name="android.support.annotation.IntDef">
      <val name="value" val="{com.philliphsu.numberpadtimepicker.ShowFabPolicy.SHOW_FAB_ALWAYS, com.philliphsu.numberpadtimepicker.ShowFabPolicy.SHOW_FAB_VALID_TIME}" />
    </annotation>
  </item>
  <item name="com.philliphsu.numberpadtimepicker.NumberPadTimePickerBottomSheetComponent mBackspaceLocation">
    <annotation name="android.support.annotation.IntDef">
      <val name="value" val="{com.philliphsu.numberpadtimepicker.BackspaceLocation.LOCATION_HEADER, com.philliphsu.numberpadtimepicker.BackspaceLocation.LOCATION_FOOTER}" />
    </annotation>
  </item>
  <item name="com.philliphsu.numberpadtimepicker.NumberPadTimePickerBottomSheetComponent mShowFabPolicy">
    <annotation name="android.support.annotation.IntDef">
      <val name="value" val="{com.philliphsu.numberpadtimepicker.ShowFabPolicy.SHOW_FAB_ALWAYS, com.philliphsu.numberpadtimepicker.ShowFabPolicy.SHOW_FAB_VALID_TIME}" />
    </annotation>
  </item>
  <item name="com.philliphsu.numberpadtimepicker.NumberPadTimePickerBottomSheetComponent void setInitialFabVisibility(boolean, int) 1">
    <annotation name="android.support.annotation.IntDef">
      <val name="value" val="{com.philliphsu.numberpadtimepicker.ShowFabPolicy.SHOW_FAB_ALWAYS, com.philliphsu.numberpadtimepicker.ShowFabPolicy.SHOW_FAB_VALID_TIME}" />
    </annotation>
  </item>
  <item name="com.philliphsu.numberpadtimepicker.NumberPadTimePickerPresenter mAmPmState">
    <annotation name="android.support.annotation.IntDef">
      <val name="value" val="{com.philliphsu.numberpadtimepicker.AmPmState.UNSPECIFIED, com.philliphsu.numberpadtimepicker.AmPmState.AM, com.philliphsu.numberpadtimepicker.AmPmState.PM, com.philliphsu.numberpadtimepicker.AmPmState.HRS_24}" />
    </annotation>
  </item>
  <item name="com.philliphsu.numberpadtimepicker.NumberPadTimePickerState NumberPadTimePickerState(int[], int, int) 2">
    <annotation name="android.support.annotation.IntDef">
      <val name="value" val="{com.philliphsu.numberpadtimepicker.AmPmState.UNSPECIFIED, com.philliphsu.numberpadtimepicker.AmPmState.AM, com.philliphsu.numberpadtimepicker.AmPmState.PM, com.philliphsu.numberpadtimepicker.AmPmState.HRS_24}" />
    </annotation>
  </item>
  <item name="com.philliphsu.numberpadtimepicker.NumberPadTimePickerState int getAmPmState()">
    <annotation name="android.support.annotation.IntDef">
      <val name="value" val="{com.philliphsu.numberpadtimepicker.AmPmState.UNSPECIFIED, com.philliphsu.numberpadtimepicker.AmPmState.AM, com.philliphsu.numberpadtimepicker.AmPmState.PM, com.philliphsu.numberpadtimepicker.AmPmState.HRS_24}" />
    </annotation>
  </item>
  <item name="com.philliphsu.numberpadtimepicker.NumberPadTimePickerState mAmPmState">
    <annotation name="android.support.annotation.IntDef">
      <val name="value" val="{com.philliphsu.numberpadtimepicker.AmPmState.UNSPECIFIED, com.philliphsu.numberpadtimepicker.AmPmState.AM, com.philliphsu.numberpadtimepicker.AmPmState.PM, com.philliphsu.numberpadtimepicker.AmPmState.HRS_24}" />
    </annotation>
  </item>
  <item name="com.philliphsu.numberpadtimepicker.ShowFabPolicy">
    <annotation name="android.support.annotation.IntDef">
      <val name="value" val="{com.philliphsu.numberpadtimepicker.ShowFabPolicy.SHOW_FAB_ALWAYS, com.philliphsu.numberpadtimepicker.ShowFabPolicy.SHOW_FAB_VALID_TIME}" />
    </annotation>
  </item>
</root>

